title,genres,actor1,actor2,actor3,director,comb
pirates of the caribbean: dead men tell no tales,Adventure,Johnny Depp,Javier Bardem,Geoffrey Rush,Joachim Rønning Espen Sandberg,Johnny Depp Javier Bardem Geoffrey Rush Joachim Rønning Espen Sandberg Adventure
justice league,Action,Ben Affleck,Henry Cavill,Gal Gadot,Zack Snyder,Ben Affleck Henry Cavill Gal Gadot Zack Snyder Action
thor: ragnarok,Action,Chris Hemsworth,Tom Hiddleston,Cate Blanchett,Taika Waititi,Chris Hemsworth Tom Hiddleston Cate Blanchett Taika Waititi Action
guardians of the galaxy vol. 2,Action,Chris Pratt,Zoe Saldana,Dave Bautista,James Gunn,Chris Pratt Zoe Saldana Dave Bautista James Gunn Action
the king's daughter,Fantasy,Pierce Brosnan,William Hurt,Benjamin Walker,Sean McNamara,Pierce Brosnan William Hurt Benjamin Walker Sean McNamara Fantasy
extinction jurassic predators 2017,Thriller,Ben Loyd-Holmes,Sarah Mac,Neil Newbon,Adam Spinks,Ben Loyd-Holmes Sarah Mac Neil Newbon Adam Spinks Thriller
for here or to go?,Drama,Ali Fazal,Melanie Chandra,Omi Vaidya,Rucha Humnabadkar,Ali Fazal Melanie Chandra Omi Vaidya Rucha Humnabadkar Drama
the outcasts,Comedy,Victoria Justice,Eden Sher,Ashley Rickards,Peter Hutchings,Victoria Justice Eden Sher Ashley Rickards Peter Hutchings Comedy
sly cooper,Animation,Chris Murphy,Ian James Corlett,Matt Olsen,Kevin Munroe,Chris Murphy Ian James Corlett Matt Olsen Kevin Munroe Animation
the circle,Drama,Emma Watson,Tom Hanks,John Boyega,James Ponsoldt,Emma Watson Tom Hanks John Boyega James Ponsoldt Drama
pitch perfect 3,Comedy,Anna Kendrick,Rebel Wilson,Brittany Snow,Trish Sie,Anna Kendrick Rebel Wilson Brittany Snow Trish Sie Comedy
the devil's candy,Horror,Ethan Embry,Shiri Appleby,Kiara Glasco,Sean Byrne,Ethan Embry Shiri Appleby Kiara Glasco Sean Byrne Horror
"return to return to nuke 'em high, aka volume 2",Comedy,Asta Paredes,Catherine Corcoran,Zac Amino,Lloyd Kaufman,Asta Paredes Catherine Corcoran Zac Amino Lloyd Kaufman Comedy
the cheerleader murders,TV Movie,Amanda Leighton,Samantha Boscarino,Hannah Kasulka,David Jackson,Amanda Leighton Samantha Boscarino Hannah Kasulka David Jackson TV Movie
dean,Comedy,Demetri Martin,Gillian Jacobs,Christine Woods,Demetri Martin,Demetri Martin Gillian Jacobs Christine Woods Demetri Martin Comedy
leatherface,Horror,Stephen Dorff,Lili Taylor,Sam Strike,Alexandre Bustillo Julien Maury,Stephen Dorff Lili Taylor Sam Strike Alexandre Bustillo Julien Maury Horror
47 meters down,Drama,Claire Holt,Mandy Moore,Chris Johnson,Johannes Roberts,Claire Holt Mandy Moore Chris Johnson Johannes Roberts Drama
porto,Romance,Lucie Lucas,Anton Yelchin,Paulo Calatré,Gabe Klinger,Lucie Lucas Anton Yelchin Paulo Calatré Gabe Klinger Romance
mamaboy,Comedy,Sean O'Donnell,Alexandria DeBerry,Gary Busey,Aaron Leong,Sean O'Donnell Alexandria DeBerry Gary Busey Aaron Leong Comedy
david lynch: the art life,Documentary,,,,Olivia Neergaard-Holm Jon Nguyen Rick Barnes,   Olivia Neergaard-Holm Jon Nguyen Rick Barnes Documentary
the promise,History,Oscar Isaac,Charlotte Le Bon,Christian Bale,Terry George,Oscar Isaac Charlotte Le Bon Christian Bale Terry George History
all eyez on me,Drama,Demetrius Shipp Jr.,Danai Gurira,Kat Graham,Benny Boom,Demetrius Shipp Jr. Danai Gurira Kat Graham Benny Boom Drama
colossal,Action,Anne Hathaway,Jason Sudeikis,Tim Blake Nelson,Nacho Vigalondo,Anne Hathaway Jason Sudeikis Tim Blake Nelson Nacho Vigalondo Action
voyage of time: life's journey,Documentary,,,,Terrence Malick,   Terrence Malick Documentary
london town,Drama,Jonathan Rhys Meyers,Daniel Huttlestone,Dougray Scott,Derrick Borte,Jonathan Rhys Meyers Daniel Huttlestone Dougray Scott Derrick Borte Drama
brimstone,Mystery,Guy Pearce,Dakota Fanning,Carice van Houten,Martin Koolhoven,Guy Pearce Dakota Fanning Carice van Houten Martin Koolhoven Mystery
the white king,Drama,Agyness Deyn,Jonathan Pryce,Fiona Shaw,Alex Helfrecht Jörg Tittel,Agyness Deyn Jonathan Pryce Fiona Shaw Alex Helfrecht Jörg Tittel Drama
risk,Documentary,Julian Assange,Sarah Harrison,Jacob Appelbaum,Laura Poitras,Julian Assange Sarah Harrison Jacob Appelbaum Laura Poitras Documentary
kiki,Documentary,,,,Sara Jordenö,   Sara Jordenö Documentary
shangri-la suite,Romance,Emily Browning,Luke Grimes,Ron Livingston,Eddie O'Keefe,Emily Browning Luke Grimes Ron Livingston Eddie O'Keefe Romance
the space between us,Romance,Asa Butterfield,Britt Robertson,Carla Gugino,Peter Chelsom,Asa Butterfield Britt Robertson Carla Gugino Peter Chelsom Romance
national bird,Documentary,,,,Sonia Kennebeck,   Sonia Kennebeck Documentary
i am not your negro,Documentary,Samuel L. Jackson,James Baldwin,Malcolm X,Raoul Peck,Samuel L. Jackson James Baldwin Malcolm X Raoul Peck Documentary
a dog's purpose,Comedy,Dennis Quaid,Britt Robertson,Josh Gad,Lasse Hallström,Dennis Quaid Britt Robertson Josh Gad Lasse Hallström Comedy
manifesto,Drama,Cate Blanchett,Erika Bauer,Ruby Bustamante,Julian Rosefeldt,Cate Blanchett Erika Bauer Ruby Bustamante Julian Rosefeldt Drama
the little hours,Comedy,Alison Brie,Dave Franco,Aubrey Plaza,Jeff Baena,Alison Brie Dave Franco Aubrey Plaza Jeff Baena Comedy
fist fight,Comedy,Charlie Day,Ice Cube,Tracy Morgan,Richie Keen,Charlie Day Ice Cube Tracy Morgan Richie Keen Comedy
sleepless,Action,Jamie Foxx,Michelle Monaghan,Dermot Mulroney,Baran bo Odar,Jamie Foxx Michelle Monaghan Dermot Mulroney Baran bo Odar Action
a cure for wellness,Mystery,Dane DeHaan,Jason Isaacs,Mia Goth,Gore Verbinski,Dane DeHaan Jason Isaacs Mia Goth Gore Verbinski Mystery
xxx: return of xander cage,Action,Vin Diesel,Ice Cube,Samuel L. Jackson,D.J. Caruso,Vin Diesel Ice Cube Samuel L. Jackson D.J. Caruso Action
the bye bye man,Horror,Douglas Smith,Lucien Laviscount,Cressida Bonas,Stacy Title,Douglas Smith Lucien Laviscount Cressida Bonas Stacy Title Horror
prevenge,Horror,Alice Lowe,Jo Hartley,Kate Dickie,Alice Lowe,Alice Lowe Jo Hartley Kate Dickie Alice Lowe Horror
the lego batman movie,Action,Will Arnett,Zach Galifianakis,Michael Cera,Chris McKay,Will Arnett Zach Galifianakis Michael Cera Chris McKay Action
death race 2050,Action,Manu Bennett,Malcolm McDowell,Marci Miller,G.J. Echternkamp,Manu Bennett Malcolm McDowell Marci Miller G.J. Echternkamp Action
trespass against us,Action,Michael Fassbender,Brendan Gleeson,Lyndsey Marshal,Adam Smith,Michael Fassbender Brendan Gleeson Lyndsey Marshal Adam Smith Action
claire in motion,Drama,Betsy Brandt,Chris Beetem,Zev Haworth,Lisa Robinson Annie J. Howell,Betsy Brandt Chris Beetem Zev Haworth Lisa Robinson Annie J. Howell Drama
coin heist,Family,Alex Saxon,Alexis G. Zall,Sasha Pieterse,Emily Hagins,Alex Saxon Alexis G. Zall Sasha Pieterse Emily Hagins Family
rings,Horror,Matilda Anna Ingrid Lutz,Alex Roe,Johnny Galecki,F. Javier Gutiérrez,Matilda Anna Ingrid Lutz Alex Roe Johnny Galecki F. Javier Gutiérrez Horror
clinical,Thriller,Vinessa Shaw,Kevin Rahm,Aaron Stanford,Alistair Legrand,Vinessa Shaw Kevin Rahm Aaron Stanford Alistair Legrand Thriller
jim gaffigan: cinco,Comedy,,,,Jeannie Gaffigan,   Jeannie Gaffigan Comedy
the crash,Crime,Frank Grillo,Minnie Driver,AnnaSophia Robb,Aram Rappaport,Frank Grillo Minnie Driver AnnaSophia Robb Aram Rappaport Crime
get out,Mystery,Daniel Kaluuya,Allison Williams,Bradley Whitford,Jordan Peele,Daniel Kaluuya Allison Williams Bradley Whitford Jordan Peele Mystery
kong: skull island,Action,Tom Hiddleston,Samuel L. Jackson,Brie Larson,Jordan Vogt-Roberts,Tom Hiddleston Samuel L. Jackson Brie Larson Jordan Vogt-Roberts Action
city of tiny lights,Crime,Riz Ahmed,Billie Piper,James Floyd,Pete Travis,Riz Ahmed Billie Piper James Floyd Pete Travis Crime
t2 trainspotting,Crime,Ewan McGregor,Jonny Lee Miller,Ewen Bremner,Danny Boyle,Ewan McGregor Jonny Lee Miller Ewen Bremner Danny Boyle Crime
science fiction volume one: the osiris child,Sci-Fi,Kellan Lutz,Daniel MacPherson,Isabel Lucas,Shane Abbess,Kellan Lutz Daniel MacPherson Isabel Lucas Shane Abbess Sci-Fi
before i fall,Mystery,Zoey Deutch,Halston Sage,Logan Miller,Ry Russo-Young,Zoey Deutch Halston Sage Logan Miller Ry Russo-Young Mystery
the big sick,Comedy,Kumail Nanjiani,Zoe Kazan,Holly Hunter,Michael Showalter,Kumail Nanjiani Zoe Kazan Holly Hunter Michael Showalter Comedy
ingrid goes west,Drama,Aubrey Plaza,Elizabeth Olsen,O'Shea Jackson Jr.,Matt Spicer,Aubrey Plaza Elizabeth Olsen O'Shea Jackson Jr. Matt Spicer Drama
i don't feel at home in this world anymore,Comedy,Melanie Lynskey,Elijah Wood,David Yow,Macon Blair,Melanie Lynskey Elijah Wood David Yow Macon Blair Comedy
king arthur: legend of the sword,Action,Charlie Hunnam,Astrid Bergès-Frisbey,Jude Law,Guy Ritchie,Charlie Hunnam Astrid Bergès-Frisbey Jude Law Guy Ritchie Action
beauty and the beast,Family,Emma Watson,Dan Stevens,Luke Evans,Bill Condon,Emma Watson Dan Stevens Luke Evans Bill Condon Family
take the 10,Comedy,Stella Maeve,Andy Samberg,Josh Peck,Chester Tam,Stella Maeve Andy Samberg Josh Peck Chester Tam Comedy
the boss baby,Animation,Alec Baldwin,Miles Bakshi,Jimmy Kimmel,Tom McGrath,Alec Baldwin Miles Bakshi Jimmy Kimmel Tom McGrath Animation
justice league dark,Action,Matt Ryan,Jason O'Mara,Camilla Luddington,Jay Oliva,Matt Ryan Jason O'Mara Camilla Luddington Jay Oliva Action
call me by your name,Romance,Timothée Chalamet,Armie Hammer,Michael Stuhlbarg,Luca Guadagnino,Timothée Chalamet Armie Hammer Michael Stuhlbarg Luca Guadagnino Romance
iboy,Action,Bill Milner,Maisie Williams,Rory Kinnear,Adam Randall,Bill Milner Maisie Williams Rory Kinnear Adam Randall Action
catfight,Comedy,Sandra Oh,Anne Heche,Alicia Silverstone,Onur Tukel,Sandra Oh Anne Heche Alicia Silverstone Onur Tukel Comedy
a ghost story,Drama,Casey Affleck,Rooney Mara,Will Oldham,David Lowery,Casey Affleck Rooney Mara Will Oldham David Lowery Drama
ghost in the shell,Action,Scarlett Johansson,Michael Pitt,Pilou Asbæk,Rupert Sanders,Scarlett Johansson Michael Pitt Pilou Asbæk Rupert Sanders Action
pork pie,Action,Dean O'Gorman,James Rolleston,Ashleigh Cummings,Matt Murphy,Dean O'Gorman James Rolleston Ashleigh Cummings Matt Murphy Action
bill burr: walk your way out,Comedy,,,,Jay Karas,   Jay Karas Comedy
xx,Horror,Natalie Brown,Melanie Lynskey,Breeda Wool,Karyn Kusama Jovanka Vuckovic Roxanne Benjamin St. Vincent,Natalie Brown Melanie Lynskey Breeda Wool Karyn Kusama Jovanka Vuckovic Roxanne Benjamin St. Vincent Horror
fifty shades darker,Drama,Dakota Johnson,Jamie Dornan,Eric Johnson,James Foley,Dakota Johnson Jamie Dornan Eric Johnson James Foley Drama
wilson,Drama,Woody Harrelson,Sandy Oian-Thomas,Shaun Brown,Craig Johnson,Woody Harrelson Sandy Oian-Thomas Shaun Brown Craig Johnson Drama
don't knock twice,Horror,Katee Sackhoff,Lucy Boynton,Javier Botet,Caradog W. James,Katee Sackhoff Lucy Boynton Javier Botet Caradog W. James Horror
the ticket,Drama,Dan Stevens,Malin Åkerman,Kerry Bishé,Ido Fluk,Dan Stevens Malin Åkerman Kerry Bishé Ido Fluk Drama
lavender,Drama,Abbie Cornish,Dermot Mulroney,Diego Klattenhoff,Ed Gass-Donnelly,Abbie Cornish Dermot Mulroney Diego Klattenhoff Ed Gass-Donnelly Drama
detour,Thriller,Tye Sheridan,Bel Powley,Emory Cohen,Christopher Smith,Tye Sheridan Bel Powley Emory Cohen Christopher Smith Thriller
the book of love,Drama,Jason Sudeikis,Maisie Williams,Jessica Biel,Bill Purple,Jason Sudeikis Maisie Williams Jessica Biel Bill Purple Drama
trumped: inside the greatest political upset of all time,Documentary,,,,Banks Tarver Ted Bourne Mary Robertson,   Banks Tarver Ted Bourne Mary Robertson Documentary
hickey,Comedy,Troy Doherty,Flavia Watson,Raychel Diane Weiner,Alex Grossman,Troy Doherty Flavia Watson Raychel Diane Weiner Alex Grossman Comedy
neal brennan: 3 mics,Comedy,,,,Neal Brennan,   Neal Brennan Comedy
"michael bolton's big, sexy valentine's day special",Comedy,Michael Bolton,Adam Scott,Sarah Shahi,Akiva Schaffer Scott Aukerman,Michael Bolton Adam Scott Sarah Shahi Akiva Schaffer Scott Aukerman Comedy
lost in florence,Adventure,Brett Dalton,Emily Atack,Stana Katic,Evan Oppenheimer,Brett Dalton Emily Atack Stana Katic Evan Oppenheimer Adventure
bad kids of crestview academy,Mystery,Gina Gershon,Sean Astin,Sammi Hanratty,Ben Browder,Gina Gershon Sean Astin Sammi Hanratty Ben Browder Mystery
shepherds and butchers,Drama,Andrea Riseborough,Steve Coogan,Deon Lotz,Oliver Schmitz,Andrea Riseborough Steve Coogan Deon Lotz Oliver Schmitz Drama
in dubious battle,Drama,James Franco,Nat Wolff,Selena Gomez,James Franco,James Franco Nat Wolff Selena Gomez James Franco Drama
berlin syndrome,Mystery,Teresa Palmer,Max Riemelt,Matthias Habich,Cate Shortland,Teresa Palmer Max Riemelt Matthias Habich Cate Shortland Mystery
all this panic,Documentary,Dusty Rose Ryan,Lena M.,Ginger Leigh Ryan,Jenny Gage,Dusty Rose Ryan Lena M. Ginger Leigh Ryan Jenny Gage Documentary
youth in oregon,Comedy,Frank Langella,Billy Crudup,Christina Applegate,Joel David Moore,Frank Langella Billy Crudup Christina Applegate Joel David Moore Comedy
song to song,Drama,Michael Fassbender,Ryan Gosling,Rooney Mara,Terrence Malick,Michael Fassbender Ryan Gosling Rooney Mara Terrence Malick Drama
to the bone,Drama,Lily Collins,Carrie Preston,Lili Taylor,Marti Noxon,Lily Collins Carrie Preston Lili Taylor Marti Noxon Drama
girlfriend's day,Comedy,Bob Odenkirk,Amber Tamblyn,Natasha Lyonne,Michael Stephenson,Bob Odenkirk Amber Tamblyn Natasha Lyonne Michael Stephenson Comedy
american fable,Drama,Peyton Kennedy,Richard Schiff,Kip Pardue,Anne Hamilton,Peyton Kennedy Richard Schiff Kip Pardue Anne Hamilton Drama
katherine ryan: in trouble,Comedy,,,,Colin Dench,   Colin Dench Comedy
god's own country,Romance,Josh O'Connor,Alec Secareanu,Ian Hart,Francis Lee,Josh O'Connor Alec Secareanu Ian Hart Francis Lee Romance
hostages,Drama,Irakli Kvirikadze,Tinatin Dalakishvili,Merab Ninidze,Rezo Gigineishvili,Irakli Kvirikadze Tinatin Dalakishvili Merab Ninidze Rezo Gigineishvili Drama
lovesong,Drama,Jena Malone,Riley Keough,Jessie Ok Gray,So Yong Kim,Jena Malone Riley Keough Jessie Ok Gray So Yong Kim Drama
jen kirkman: just keep livin',Comedy,,,,Lance Bangs,   Lance Bangs Comedy
becoming warren buffett,Documentary,Warren Buffett,Susan Buffett,Bill Gates,Peter W. Kunhardt Brian Oakes,Warren Buffett Susan Buffett Bill Gates Peter W. Kunhardt Brian Oakes Documentary
everybody loves somebody,Romance,Karla Souza,José María Yazpik,Ben O'Toole,Catalina Aguilar Mastretta,Karla Souza José María Yazpik Ben O'Toole Catalina Aguilar Mastretta Romance
britney ever after,Drama,Natasha Bassett,Jenna Berman,Matthew Harrison,Leslie Libman,Natasha Bassett Jenna Berman Matthew Harrison Leslie Libman Drama
"nick cannon: stand up, don't shoot",Comedy,,,,Gil Cunha,   Gil Cunha Comedy
fair haven,Family,Tom Wopat,Michael Grant,Gregory Harrison,Kerstin Karlhuber,Tom Wopat Michael Grant Gregory Harrison Kerstin Karlhuber Family
oklahoma city,Documentary,,,,Barak Goodman,   Barak Goodman Documentary
the glass castle,Drama,Brie Larson,Woody Harrelson,Naomi Watts,Destin Cretton,Brie Larson Woody Harrelson Naomi Watts Destin Cretton Drama
fare,Drama,Thomas Torrey,Katherine Drew,J.R. Adduci,Thomas Torrey,Thomas Torrey Katherine Drew J.R. Adduci Thomas Torrey Drama
tom of finland,Drama,Pekka Strang,Lauri Tilkanen,Jakob Oftebro,Dome Karukoski,Pekka Strang Lauri Tilkanen Jakob Oftebro Dome Karukoski Drama
donald cried,Drama,Louisa Krause,Allie Marshall,Ariana DeFusco,Kris Avedisian,Louisa Krause Allie Marshall Ariana DeFusco Kris Avedisian Drama
zombie pizza,Horror,Rachel Barrer,Gleb Kaminer,Shaun Rey,Mike Dudko,Rachel Barrer Gleb Kaminer Shaun Rey Mike Dudko Horror
their finest,Romance,Gemma Arterton,Sam Claflin,Bill Nighy,Lone Scherfig,Gemma Arterton Sam Claflin Bill Nighy Lone Scherfig Romance
the ottoman lieutenant,Romance,Michiel Huisman,Hera Hilmar,Josh Hartnett,Joseph Ruben,Michiel Huisman Hera Hilmar Josh Hartnett Joseph Ruben Romance
lady macbeth,Drama,Florence Pugh,Cosmo Jarvis,Paul Hilton,William Oldroyd,Florence Pugh Cosmo Jarvis Paul Hilton William Oldroyd Drama
the sense of an ending,Mystery,Jim Broadbent,Charlotte Rampling,Harriet Walter,Ritesh Batra,Jim Broadbent Charlotte Rampling Harriet Walter Ritesh Batra Mystery
carrie pilby,Drama,Bel Powley,Nathan Lane,Gabriel Byrne,Susan Johnson,Bel Powley Nathan Lane Gabriel Byrne Susan Johnson Drama
the institute,Thriller,James Franco,Tim Blake Nelson,Lori Singer,James Franco Pamela Romanowsky,James Franco Tim Blake Nelson Lori Singer James Franco Pamela Romanowsky Thriller
the shack,Drama,Sam Worthington,Octavia Spencer,Tim McGraw,Stuart Hazeldine,Sam Worthington Octavia Spencer Tim McGraw Stuart Hazeldine Drama
life,Horror,Jake Gyllenhaal,Rebecca Ferguson,Ryan Reynolds,Daniel Espinosa,Jake Gyllenhaal Rebecca Ferguson Ryan Reynolds Daniel Espinosa Horror
the raking,Horror,Cree Kelly,Allie Rivera,Thatcher Robinson,Bryan Brewer,Cree Kelly Allie Rivera Thatcher Robinson Bryan Brewer Horror
sleight,Drama,Jacob Latimore,Seychelle Gabriel,Sasheer Zamata,J.D. Dillard,Jacob Latimore Seychelle Gabriel Sasheer Zamata J.D. Dillard Drama
kurt braunohler: trust me,Comedy,,,,Shannon Hartman,   Shannon Hartman Comedy
buster's mal heart,Mystery,Rami Malek,DJ Qualls,Kate Lyn Sheil,Sarah Adina Smith,Rami Malek DJ Qualls Kate Lyn Sheil Sarah Adina Smith Mystery
ghosts of darkness,Horror,Michael Koltes,Paul Flannery,Lisa Livingstone,David Ryan Keith,Michael Koltes Paul Flannery Lisa Livingstone David Ryan Keith Horror
power rangers,Action,Dacre Montgomery,Naomi Scott,RJ Cyler,Dean Israelite,Dacre Montgomery Naomi Scott RJ Cyler Dean Israelite Action
alien: covenant,Horror,Michael Fassbender,Katherine Waterston,Billy Crudup,Ridley Scott,Michael Fassbender Katherine Waterston Billy Crudup Ridley Scott Horror
free fire,Action,Sharlto Copley,Armie Hammer,Brie Larson,Ben Wheatley,Sharlto Copley Armie Hammer Brie Larson Ben Wheatley Action
casting jonbenet,Documentary,Hannah Cagwin,Aeona Cruz,Liv Bagley,Kitty Green,Hannah Cagwin Aeona Cruz Liv Bagley Kitty Green Documentary
amy schumer: the leather special,Comedy,,,,Amy Schumer,   Amy Schumer Comedy
the dinner,Drama,Richard Gere,Laura Linney,Steve Coogan,Oren Moverman,Richard Gere Laura Linney Steve Coogan Oren Moverman Drama
the avenue,Crime,Cheryl M. Bailey,Louis Ballezzi,Shawn Bittenbender,Brian Vernick,Cheryl M. Bailey Louis Ballezzi Shawn Bittenbender Brian Vernick Crime
arsenal,Action,Nicolas Cage,Christopher Rob Bowen,Adrian Grenier,Steven C. Miller,Nicolas Cage Christopher Rob Bowen Adrian Grenier Steven C. Miller Action
jim norton: mouthful of shame,Comedy,,,,Shannon Hartman,   Shannon Hartman Comedy
from straight a's to xxx,Drama,Haley Pullos,Judd Nelson,Sasha Clements,Vanessa Parise,Haley Pullos Judd Nelson Sasha Clements Vanessa Parise Drama
the invisible guardian,Thriller,Marta Etura ,Elvira Mínguez,Francesc Orella,Fernando González Molina,Marta Etura  Elvira Mínguez Francesc Orella Fernando González Molina Thriller
gemini,Thriller,Lola Kirke,Zoë Kravitz,John Cho,Aaron Katz,Lola Kirke Zoë Kravitz John Cho Aaron Katz Thriller
trevor noah: afraid of the dark,Comedy,,,,David Paul Meyer,   David Paul Meyer Comedy
dave chappelle: the age of spin,Comedy,,,,Stan Lathan,   Stan Lathan Comedy
david bowie: the last five years,Music,Tony Visconti,Gail Ann Dorsey,Tony Basil,Francis Whately,Tony Visconti Gail Ann Dorsey Tony Basil Francis Whately Music
the evil within,Horror,Fred Koehler,Sean Patrick Flanery,Brianna Brown,Andrew Getty,Fred Koehler Sean Patrick Flanery Brianna Brown Andrew Getty Horror
the last word,Comedy,Shirley MacLaine,Amanda Seyfried,Anne Heche,Mark Pellington,Shirley MacLaine Amanda Seyfried Anne Heche Mark Pellington Comedy
chips,Action,Michael Peña,Dax Shepard,Jessica McNamee,Dax Shepard,Michael Peña Dax Shepard Jessica McNamee Dax Shepard Action
table 19,Comedy,Anna Kendrick,Craig Robinson,June Squibb,Jeffrey Blitz,Anna Kendrick Craig Robinson June Squibb Jeffrey Blitz Comedy
going in style,Crime,Morgan Freeman,Michael Caine,Alan Arkin,Zach Braff,Morgan Freeman Michael Caine Alan Arkin Zach Braff Crime
bokeh,Drama,Maika Monroe,Matt O'Leary,Arnar Jónsson,Geoffrey Orthwein Andrew Sullivan,Maika Monroe Matt O'Leary Arnar Jónsson Geoffrey Orthwein Andrew Sullivan Drama
dave chappelle: deep in the heart of texas,Comedy,,,,Stan Lathan,   Stan Lathan Comedy
all nighter,Comedy,J.K. Simmons,Analeigh Tipton,Emile Hirsch,Gavin Wiesen,J.K. Simmons Analeigh Tipton Emile Hirsch Gavin Wiesen Comedy
deidra & laney rob a train,Drama,Ashleigh Murray,Rachel Crow,Tim Blake Nelson,Sydney Freeland,Ashleigh Murray Rachel Crow Tim Blake Nelson Sydney Freeland Drama
carnage: swallowing the past,Sci-Fi,Simon Amstell,Linda Bassett,Martin Freeman,Simon Amstell,Simon Amstell Linda Bassett Martin Freeman Simon Amstell Sci-Fi
the most hated woman in america,Crime,Melissa Leo,Josh Lucas,Michael Chernus,Tommy O'Haver,Melissa Leo Josh Lucas Michael Chernus Tommy O'Haver Crime
bitter harvest,War,Max Irons,Samantha Barks,Terence Stamp,George Mendeluk,Max Irons Samantha Barks Terence Stamp George Mendeluk War
vengeance: a love story,Action,Nicolas Cage,Deborah Kara Unger,Anna Hutchison,Johnny Martin,Nicolas Cage Deborah Kara Unger Anna Hutchison Johnny Martin Action
middle man,Drama,Jim O'Heir,Andrew J. West,Josh McDermitt,Ned Crowley,Jim O'Heir Andrew J. West Josh McDermitt Ned Crowley Drama
miles,Drama,Tim Boardman,Missi Pyle,Stephen Root,Nathan Adloff,Tim Boardman Missi Pyle Stephen Root Nathan Adloff Drama
smurfs: the lost village,Adventure,Julia Roberts,Ariel Winter,Ellie Kemper,Kelly Asbury,Julia Roberts Ariel Winter Ellie Kemper Kelly Asbury Adventure
the discovery,Drama,Jason Segel,Rooney Mara,Robert Redford,Charlie McDowell,Jason Segel Rooney Mara Robert Redford Charlie McDowell Drama
viceroy's house,Drama,Hugh Bonneville,Gillian Anderson,Michael Gambon,Gurinder Chadha,Hugh Bonneville Gillian Anderson Michael Gambon Gurinder Chadha Drama
the zookeeper's wife,Drama,Jessica Chastain,Johan Heldenbergh,Daniel Brühl,Niki Caro,Jessica Chastain Johan Heldenbergh Daniel Brühl Niki Caro Drama
female fight club,Drama,Amy Johnston,Cortney Palm,Rey Goyos,Miguel A. Ferrer,Amy Johnston Cortney Palm Rey Goyos Miguel A. Ferrer Drama
eloise,Horror,Eliza Dushku,Robert Patrick,Chace Crawford,Robert Legato,Eliza Dushku Robert Patrick Chace Crawford Robert Legato Horror
gifted,Drama,Chris Evans,Mckenna Grace,Lindsay Duncan,Marc Webb,Chris Evans Mckenna Grace Lindsay Duncan Marc Webb Drama
teen titans: the judas contract,Sci-Fi,Stuart Allan,Jake T. Austin,Taissa Farmiga,Sam Liu,Stuart Allan Jake T. Austin Taissa Farmiga Sam Liu Sci-Fi
louis c.k. 2017,Comedy,,,,Louis C.K.,   Louis C.K. Comedy
aftermath,Drama,Arnold Schwarzenegger,Scoot McNairy,Maggie Grace,Elliott Lester,Arnold Schwarzenegger Scoot McNairy Maggie Grace Elliott Lester Drama
the bigfoot project,Comedy,Andy Goldenberg,Emily Roya O'Brien,Nick Armstrong,Ricardo Herrera,Andy Goldenberg Emily Roya O'Brien Nick Armstrong Ricardo Herrera Comedy
the case for christ,Drama,Mike Vogel,Erika Christensen,Faye Dunaway,Jon Gunn,Mike Vogel Erika Christensen Faye Dunaway Jon Gunn Drama
1 mile to you,Drama,Graham Rogers,Billy Crudup,Liana Liberato,Leif Tilden,Graham Rogers Billy Crudup Liana Liberato Leif Tilden Drama
spark: a space tail,Adventure,Jessica Biel,Hilary Swank,Susan Sarandon,Aaron Woodley,Jessica Biel Hilary Swank Susan Sarandon Aaron Woodley Adventure
"everything, everything",Drama,Amandla Stenberg,Nick Robinson,Anika Noni Rose,Stella Meghie,Amandla Stenberg Nick Robinson Anika Noni Rose Stella Meghie Drama
diary of a wimpy kid: the long haul,Comedy,Jason Ian Drucker,Owen Asztalos,Charlie Wright,David Bowers,Jason Ian Drucker Owen Asztalos Charlie Wright David Bowers Comedy
baywatch,Action,Dwayne Johnson,Zac Efron,Alexandra Daddario,Seth Gordon,Dwayne Johnson Zac Efron Alexandra Daddario Seth Gordon Action
unforgettable,Drama,Rosario Dawson,Katherine Heigl,Geoff Stults,Denise Di Novi,Rosario Dawson Katherine Heigl Geoff Stults Denise Di Novi Drama
snatched,Action,Amy Schumer,Goldie Hawn,Tom Bateman,Jonathan Levine,Amy Schumer Goldie Hawn Tom Bateman Jonathan Levine Action
the mummy,Thriller,Tom Cruise,Russell Crowe,Annabelle Wallis,Alex Kurtzman,Tom Cruise Russell Crowe Annabelle Wallis Alex Kurtzman Thriller
from a house on willow street,Action,Sharni Vinson,Carlyn Burchell,Steve John Ward,Alastair Orr,Sharni Vinson Carlyn Burchell Steve John Ward Alastair Orr Action
the fate of the furious,Action,Vin Diesel,Jason Statham,Dwayne Johnson,F. Gary Gray,Vin Diesel Jason Statham Dwayne Johnson F. Gary Gray Action
after porn ends 2,Documentary,Ginger Lynn Allen,Lisa Ann,Janine Lindemulder,Bryce Wagoner,Ginger Lynn Allen Lisa Ann Janine Lindemulder Bryce Wagoner Documentary
burning sands,Drama,Trevor Jackson,Alfre Woodard,Steve Harris,Gerard McMurray,Trevor Jackson Alfre Woodard Steve Harris Gerard McMurray Drama
teleios,Sci-Fi,Sunny Mabrey,Lance Broadway,T.J. Hoban,Ian Truitner,Sunny Mabrey Lance Broadway T.J. Hoban Ian Truitner Sci-Fi
sandy wexler,Comedy,Adam Sandler,Kevin James,Terry Crews,Steven Brill,Adam Sandler Kevin James Terry Crews Steven Brill Comedy
extortion,Action,Bethany Joy Lenz,Danny Glover,Tim Griffin,Phil Volken,Bethany Joy Lenz Danny Glover Tim Griffin Phil Volken Action
betting on zero,Documentary,,,,Ted Braun,   Ted Braun Documentary
the transfiguration,Horror,Eric Ruffin,Chloe Levine,Aaron Moten,Michael O'Shea,Eric Ruffin Chloe Levine Aaron Moten Michael O'Shea Horror
another evil,Comedy,Steve Zissis,Mark Proksch,Jennifer Irwin,Carson D. Mell,Steve Zissis Mark Proksch Jennifer Irwin Carson D. Mell Comedy
win it all,Comedy,Jake Johnson,Aislinn Derbez,Joe Lo Truglio,Joe Swanberg,Jake Johnson Aislinn Derbez Joe Lo Truglio Joe Swanberg Comedy
captain underpants: the first epic movie,Action,Kevin Hart,Ed Helms,Thomas Middleditch,David Soren,Kevin Hart Ed Helms Thomas Middleditch David Soren Action
band aid,Comedy,Zoe Lister-Jones,Adam Pally,Fred Armisen,Zoe Lister-Jones,Zoe Lister-Jones Adam Pally Fred Armisen Zoe Lister-Jones Comedy
it comes at night,Horror,Joel Edgerton,Christopher Abbott,Carmen Ejogo,Trey Edward Shults,Joel Edgerton Christopher Abbott Carmen Ejogo Trey Edward Shults Horror
megan leavey,Drama,Kate Mara,Ramón Rodríguez,Tom Felton,Gabriela Cowperthwaite,Kate Mara Ramón Rodríguez Tom Felton Gabriela Cowperthwaite Drama
my cousin rachel,Drama,Rachel Weisz,Sam Claflin,Holliday Grainger,Roger Michell,Rachel Weisz Sam Claflin Holliday Grainger Roger Michell Drama
i love you both,Comedy,Artemis Pebdani,Sasha Mitchell,Angela Trimbur,Doug Archibald,Artemis Pebdani Sasha Mitchell Angela Trimbur Doug Archibald Comedy
11:55,Drama,Victor Almanzar,Shirley Rumierk,Elizabeth Rodriguez,Ari Issler Ben Snyder,Victor Almanzar Shirley Rumierk Elizabeth Rodriguez Ari Issler Ben Snyder Drama
cars 3,Family,Owen Wilson,Cristela Alonzo,Chris Cooper,Brian Fee,Owen Wilson Cristela Alonzo Chris Cooper Brian Fee Family
maudie,Drama,Sally Hawkins,Ethan Hawke,Gabrielle Rose,Aisling Walsh,Sally Hawkins Ethan Hawke Gabrielle Rose Aisling Walsh Drama
mad families,Comedy,Leah Remini,Charlotte McKinney,Charlie Sheen,Fred Wolf,Leah Remini Charlotte McKinney Charlie Sheen Fred Wolf Comedy
the marine 5: battleground,Action,Mike Mizanin,Anna Van Hooft,Maryse Ouellet Mizanin,James Nunn,Mike Mizanin Anna Van Hooft Maryse Ouellet Mizanin James Nunn Action
the covenant,Horror,Monica Engesser,Clint James,Maria Olsen,Robert Conway,Monica Engesser Clint James Maria Olsen Robert Conway Horror
rufus 2,Family,Jace Norman,Davis Cleveland,Haley Tju,Savage Steve Holland,Jace Norman Davis Cleveland Haley Tju Savage Steve Holland Family
the book of henry,Thriller,Naomi Watts,Jaeden Lieberher,Jacob Tremblay,Colin Trevorrow,Naomi Watts Jaeden Lieberher Jacob Tremblay Colin Trevorrow Thriller
the hero,Drama,Sam Elliott,Laura Prepon,Nick Offerman,Brett Haley,Sam Elliott Laura Prepon Nick Offerman Brett Haley Drama
citizen jane: battle for the city,Documentary,Thomas Campanella,Mindy Fullilove,Alexander Garvin,Matt Tyrnauer,Thomas Campanella Mindy Fullilove Alexander Garvin Matt Tyrnauer Documentary
the wall,Drama,Aaron Taylor-Johnson,John Cena,Laith Nakli,Doug Liman,Aaron Taylor-Johnson John Cena Laith Nakli Doug Liman Drama
diamond cartel,Action,Armand Assante,Karlygash Mukhamedzhanova,Alexey Frandetti,Salamat Mukhammed-Ali,Armand Assante Karlygash Mukhamedzhanova Alexey Frandetti Salamat Mukhammed-Ali Action
phoenix forgotten,Horror,Florence Hartigan,Jeanine Jackson,Chelsea Lopez,Justin Barber,Florence Hartigan Jeanine Jackson Chelsea Lopez Justin Barber Horror
the immortal life of henrietta lacks,Drama,Rose Byrne,Renée Elise Goldsberry,Oprah Winfrey,George C. Wolfe,Rose Byrne Renée Elise Goldsberry Oprah Winfrey George C. Wolfe Drama
tommy's honour,Drama,Peter Mullan,Jack Lowden,Ophelia Lovibond,Jason Connery,Peter Mullan Jack Lowden Ophelia Lovibond Jason Connery Drama
handsome devil,Drama,Nicholas Galitzine,Fionn O'Shea,Moe Dunford,John Butler,Nicholas Galitzine Fionn O'Shea Moe Dunford John Butler Drama
lowriders,Drama,Demián Bichir,Gabriel Chavarria,Theo Rossi,Ricardo de Montreuil,Demián Bichir Gabriel Chavarria Theo Rossi Ricardo de Montreuil Drama
the dark tapes,Horror,Cortney Palm,David Hull,Emilia Zoryan,Vincent J. Guastini Michael McQuown,Cortney Palm David Hull Emilia Zoryan Vincent J. Guastini Michael McQuown Horror
beyond skyline,Action,Frank Grillo,Bojana Novaković,Iko Uwais,Liam O'Donnell,Frank Grillo Bojana Novaković Iko Uwais Liam O'Donnell Action
punching henry,Comedy,Henry Phillips,J.K. Simmons,Sarah Silverman,Gregori Viens,Henry Phillips J.K. Simmons Sarah Silverman Gregori Viens Comedy
how to be a latin lover,Comedy,Eugenio Derbez,Salma Hayek,Rob Lowe,Ken Marino,Eugenio Derbez Salma Hayek Rob Lowe Ken Marino Comedy
the trip to spain,Drama,Steve Coogan,Rob Brydon,Claire Keelan,Michael Winterbottom,Steve Coogan Rob Brydon Claire Keelan Michael Winterbottom Drama
nobody speak: trials of the free press,Documentary,,,,Brian Knappenberger,   Brian Knappenberger Documentary
brigsby bear,Comedy,Kyle Mooney,Claire Danes,Mark Hamill,Dave McCary,Kyle Mooney Claire Danes Mark Hamill Dave McCary Comedy
lucas brothers: on drugs,Comedy,,,,Jay Chapman,   Jay Chapman Comedy
i am heath ledger,Documentary,Heath Ledger,Kate Ledger,Kim Ledger,Derik Murray Adrian Buitenhuis,Heath Ledger Kate Ledger Kim Ledger Derik Murray Adrian Buitenhuis Documentary
sand castle,Drama,Nicholas Hoult,Logan Marshall-Green,Henry Cavill,Fernando Coimbra,Nicholas Hoult Logan Marshall-Green Henry Cavill Fernando Coimbra Drama
moontrap: target earth,Action,Sarah Butler,Damon Dayoub,Charles Shaughnessy,Robert Dyke,Sarah Butler Damon Dayoub Charles Shaughnessy Robert Dyke Action
uncertain,Documentary,,,,Anna Sandilands Ewan McNicol,   Anna Sandilands Ewan McNicol Documentary
unlocked,Action,Noomi Rapace,Orlando Bloom,Michael Douglas,Michael Apted,Noomi Rapace Orlando Bloom Michael Douglas Michael Apted Action
voice from the stone,Drama,Emilia Clarke,Marton Csokas,Caterina Murino,Eric D. Howell,Emilia Clarke Marton Csokas Caterina Murino Eric D. Howell Drama
small crimes,Drama,Nikolaj Coster-Waldau,Jacki Weaver,Robert Forster,E.L. Katz,Nikolaj Coster-Waldau Jacki Weaver Robert Forster E.L. Katz Drama
a few less men,Comedy,Dacre Montgomery,Xavier Samuel,Kris Marshall,Mark Lamprell,Dacre Montgomery Xavier Samuel Kris Marshall Mark Lamprell Comedy
bottom of the world,Drama,Jena Malone,Douglas Smith,Ted Levine,Richard Sears,Jena Malone Douglas Smith Ted Levine Richard Sears Drama
stratton,Action,Dominic Cooper,Gemma Chan,Connie Nielsen,Simon West,Dominic Cooper Gemma Chan Connie Nielsen Simon West Action
the lovers,Comedy,Debra Winger,Tracy Letts,Aidan Gillen,Azazel Jacobs,Debra Winger Tracy Letts Aidan Gillen Azazel Jacobs Comedy
tomato red,Drama,Julia Garner,Jake Weary,Anna Friel,Juanita Wilson,Julia Garner Jake Weary Anna Friel Juanita Wilson Drama
taking earth,Sci-Fi,Ronan Quarmby,Brad Richards,Barbara Harrison,Grant Humphreys,Ronan Quarmby Brad Richards Barbara Harrison Grant Humphreys Sci-Fi
maria bamford: old baby,Comedy,,,,Jessica Yu,   Jessica Yu Comedy
norman: the moderate rise and tragic fall of a new york fixer,Comedy,Richard Gere,Lior Ashkenazi,Michael Sheen,Joseph Cedar,Richard Gere Lior Ashkenazi Michael Sheen Joseph Cedar Comedy
seizure,Horror,Jimmy Allen,Lindsay Bennett,Chris Blackwood,Jamie Cymbal Ryan Simons,Jimmy Allen Lindsay Bennett Chris Blackwood Jamie Cymbal Ryan Simons Horror
amityville: the awakening,Thriller,Bella Thorne,Cameron Monaghan,Jennifer Morrison,Franck Khalfoun,Bella Thorne Cameron Monaghan Jennifer Morrison Franck Khalfoun Thriller
the beguiled,Drama,Colin Farrell,Nicole Kidman,Kirsten Dunst,Sofia Coppola,Colin Farrell Nicole Kidman Kirsten Dunst Sofia Coppola Drama
the reagan show,Documentary,Ronald Reagan,Nancy Reagan,Barbara Walters,Sierra Pettengill Pacho Velez,Ronald Reagan Nancy Reagan Barbara Walters Sierra Pettengill Pacho Velez Documentary
baby driver,Action,Ansel Elgort,Lily James,Kevin Spacey,Edgar Wright,Ansel Elgort Lily James Kevin Spacey Edgar Wright Action
okja,Adventure,Tilda Swinton,Paul Dano,Ahn Seo-hyun ,Bong Joon-ho,Tilda Swinton Paul Dano Ahn Seo-hyun  Bong Joon-ho Adventure
asylum of darkness,Horror,Tim Thomerson,Richard Hatch,Tiffany Shepis,Jay Woelfel,Tim Thomerson Richard Hatch Tiffany Shepis Jay Woelfel Horror
rough night,Drama,Scarlett Johansson,Jillian Bell,Kate McKinnon,Lucia Aniello,Scarlett Johansson Jillian Bell Kate McKinnon Lucia Aniello Drama
mindhorn,Comedy,Julian Barratt,Simon Farnaby,Essie Davis,Sean Foley,Julian Barratt Simon Farnaby Essie Davis Sean Foley Comedy
oasis,TV Movie,Richard Madden,Flora Spencer-Longhurst,Moshidi Motshegwa,Kevin Macdonald,Richard Madden Flora Spencer-Longhurst Moshidi Motshegwa Kevin Macdonald TV Movie
generation iron 2,Documentary,Calum Von Moger,Kai Greene,Rich Piana,Vlad Yudin,Calum Von Moger Kai Greene Rich Piana Vlad Yudin Documentary
the shadow effect,Sci-Fi,Jonathan Rhys Meyers,Cam Gigandet,Michael Biehn,Amariah Olson Obin Olson,Jonathan Rhys Meyers Cam Gigandet Michael Biehn Amariah Olson Obin Olson Sci-Fi
monster high: electrified,Family,Katy Townsend,Debi Derryberry,Cassandra Morris,Avgousta Zourelidi,Katy Townsend Debi Derryberry Cassandra Morris Avgousta Zourelidi Family
patti cake$,Drama,Danielle Macdonald,Bridget Everett,Siddharth Dhananjay,Geremy Jasper,Danielle Macdonald Bridget Everett Siddharth Dhananjay Geremy Jasper Drama
moonlight in vermont,Romance,Lacey Chabert,Carlo Marks,Jesse Moss,Mel Damski,Lacey Chabert Carlo Marks Jesse Moss Mel Damski Romance
handsome: a netflix mystery movie,Comedy,Jeff Garlin,Natasha Lyonne,Chris Redd,Jeff Garlin,Jeff Garlin Natasha Lyonne Chris Redd Jeff Garlin Comedy
batman & bill,Documentary,Michael Uslan,Roy Thomas,Marc Tyler Nobleman,Don Argott Sheena M. Joyce,Michael Uslan Roy Thomas Marc Tyler Nobleman Don Argott Sheena M. Joyce Documentary
the axe murders of villisca,Horror,Robert Adamson,Alex Frnka,Conchata Ferrell,Tony E. Valenzuela,Robert Adamson Alex Frnka Conchata Ferrell Tony E. Valenzuela Horror
permission,Comedy,Rebecca Hall,Jason Sudeikis,Dan Stevens,Brian Crano,Rebecca Hall Jason Sudeikis Dan Stevens Brian Crano Comedy
the hunter's prayer,Action,Sam Worthington,Odeya Rush,Amy Landecker,Jonathan Mostow,Sam Worthington Odeya Rush Amy Landecker Jonathan Mostow Action
beatriz at dinner,Comedy,Salma Hayek,John Lithgow,Connie Britton,Miguel Arteta,Salma Hayek John Lithgow Connie Britton Miguel Arteta Comedy
get me roger stone,Documentary,Roger Stone,Donald Trump,Paul Manafort,Dylan Bank Morgan Pehme Daniel DiMauro,Roger Stone Donald Trump Paul Manafort Dylan Bank Morgan Pehme Daniel DiMauro Documentary
boone: the bounty hunter,Action,John Hennigan,Spencer Grammer,Lorenzo Lamas,Robert Kirbyson,John Hennigan Spencer Grammer Lorenzo Lamas Robert Kirbyson Action
despicable me 3,Action,Steve Carell,Kristen Wiig,Trey Parker,Kyle Balda Pierre Coffin,Steve Carell Kristen Wiig Trey Parker Kyle Balda Pierre Coffin Action
the levelling,Drama,Ellie Kendrick,David Troughton,Jack Holden,Hope Dickson Leach,Ellie Kendrick David Troughton Jack Holden Hope Dickson Leach Drama
tracktown,Drama,Alexi Pappas,Chase Offerle,Rebecca Friday,Alexi Pappas Jeremy Teicher,Alexi Pappas Chase Offerle Rebecca Friday Alexi Pappas Jeremy Teicher Drama
king charles iii,Drama,Tim Pigott-Smith,Charlotte Riley,Oliver Chris,Rupert Goold,Tim Pigott-Smith Charlotte Riley Oliver Chris Rupert Goold Drama
mommy dead and dearest,Documentary,,,,Erin Lee Carr,   Erin Lee Carr Documentary
alcoholist,Drama,Bill Moseley,Gabriella Wright,John Robinson,Lucas Pavetto,Bill Moseley Gabriella Wright John Robinson Lucas Pavetto Drama
tickling giants,Documentary,,,,Sara Taksler,   Sara Taksler Documentary
dead awake,Horror,Lori Petty,Jesse Bradford,Brea Grant,Phillip Guzman,Lori Petty Jesse Bradford Brea Grant Phillip Guzman Horror
a family man,Drama,Gerard Butler,Gretchen Mol,Willem Dafoe,Mark Williams,Gerard Butler Gretchen Mol Willem Dafoe Mark Williams Drama
the wizard of lies,Crime,Robert De Niro,Michelle Pfeiffer,Hank Azaria,Barry Levinson,Robert De Niro Michelle Pfeiffer Hank Azaria Barry Levinson Crime
revengeance,Comedy,,,,Bill Plympton Jim Lujan,   Bill Plympton Jim Lujan Comedy
kill 'em all,Action,Jean-Claude Van Damme,Peter Stormare,María Conchita Alonso,Peter Malota,Jean-Claude Van Damme Peter Stormare María Conchita Alonso Peter Malota Action
kill switch,Sci-Fi,Dan Stevens,Bérénice Marlohe,Charity Wakefield,Tim Smit,Dan Stevens Bérénice Marlohe Charity Wakefield Tim Smit Sci-Fi
the bad batch,Thriller,Suki Waterhouse,Jason Momoa,Jayda Fink,Ana Lily Amirpour,Suki Waterhouse Jason Momoa Jayda Fink Ana Lily Amirpour Thriller
maigrets night at the crossroads,TV Movie,Rowan Atkinson,Lucy Cohu,Shaun Dingwall,Sarah Harding,Rowan Atkinson Lucy Cohu Shaun Dingwall Sarah Harding TV Movie
war for the planet of the apes,Drama,Andy Serkis,Woody Harrelson,Steve Zahn,Matt Reeves,Andy Serkis Woody Harrelson Steve Zahn Matt Reeves Drama
chronically metropolitan,Drama,Shiloh Fernandez,Ashley Benson,Addison Timlin,Xavier Manrique,Shiloh Fernandez Ashley Benson Addison Timlin Xavier Manrique Drama
kidnap,Drama,Halle Berry,Sage Correa,Chris McGinn,Luis Prieto,Halle Berry Sage Correa Chris McGinn Luis Prieto Drama
how to talk to girls at parties,Comedy,Elle Fanning,Nicole Kidman,Ruth Wilson,John Cameron Mitchell,Elle Fanning Nicole Kidman Ruth Wilson John Cameron Mitchell Comedy
the meyerowitz stories,Comedy,Adam Sandler,Ben Stiller,Dustin Hoffman,Noah Baumbach,Adam Sandler Ben Stiller Dustin Hoffman Noah Baumbach Comedy
war machine,Comedy,Brad Pitt,Anthony Hayes,John Magaro,David Michôd,Brad Pitt Anthony Hayes John Magaro David Michôd Comedy
becoming bond,Documentary,George Lazenby,Josh Lawson,Kassandra Clementi,Josh Greenbaum,George Lazenby Josh Lawson Kassandra Clementi Josh Greenbaum Documentary
vir das: abroad understanding,Comedy,,,,Marcus Raboy,   Marcus Raboy Comedy
"norm macdonald: hitler's dog, gossip & trickery",Comedy,,,,Liz Plonka,   Liz Plonka Comedy
red nose day actually,TV Movie,Hugh Grant,Colin Firth,Liam Neeson,Richard Curtis Mat Whitecross,Hugh Grant Colin Firth Liam Neeson Richard Curtis Mat Whitecross TV Movie
whitney: can i be me,Music,Whitney Houston,Bobbi Kristina Brown,Bobby Brown,Nick Broomfield Rudi Dolezal,Whitney Houston Bobbi Kristina Brown Bobby Brown Nick Broomfield Rudi Dolezal Music
the gracefield incident,Horror,Alex C. Nachi,Mathieu Ratthe,Victor Andres Turgeon-Trelles,Mathieu Ratthe,Alex C. Nachi Mathieu Ratthe Victor Andres Turgeon-Trelles Mathieu Ratthe Horror
long strange trip,Music,Jerry Garcia,Bob Weir,Mickey Hart,Amir Bar-Lev,Jerry Garcia Bob Weir Mickey Hart Amir Bar-Lev Music
warning: this drug may kill you,TV Movie,,,,Perri Peltz,   Perri Peltz TV Movie
the mars generation,Documentary,Bill Nye,Jeffrey Kluger,Neil deGrasse Tyson,Michael Barnett,Bill Nye Jeffrey Kluger Neil deGrasse Tyson Michael Barnett Documentary
hasan minhaj: homecoming king,Comedy,,,,Christopher Storer,   Christopher Storer Comedy
sarah silverman: a speck of dust,Comedy,,,,Liam Lynch,   Liam Lynch Comedy
breakdown lane,Drama,Whitney Moore,William 'Bill' Connor,Owen Conway,Bob Schultz Robert Conway,Whitney Moore William 'Bill' Connor Owen Conway Bob Schultz Robert Conway Drama
black butterfly,Thriller,Jonathan Rhys Meyers,Antonio Banderas,Piper Perabo,Brian Goodman,Jonathan Rhys Meyers Antonio Banderas Piper Perabo Brian Goodman Thriller
i am jane doe,Crime,,,,Mary Mazzio,   Mary Mazzio Crime
dumb: the story of big brother magazine,Documentary,Steve Rocco,Jeff Tremaine,Johnny Knoxville,Patrick O'Dell,Steve Rocco Jeff Tremaine Johnny Knoxville Patrick O'Dell Documentary
the farthest,Documentary,Frank Drake,John Casani,Lawrence Krauss,Emer Reynolds,Frank Drake John Casani Lawrence Krauss Emer Reynolds Documentary
the journey,Drama,Timothy Spall,Colm Meaney,Freddie Highmore,Nick Hamm,Timothy Spall Colm Meaney Freddie Highmore Nick Hamm Drama
mclaren,Documentary,Dwayne Cameron,Mario Andretti,Alastair Caldwell,Roger Donaldson,Dwayne Cameron Mario Andretti Alastair Caldwell Roger Donaldson Documentary
all about the money,Comedy,Danny Trejo,Casper Van Dien,Mindy Robinson,Blake Freeman,Danny Trejo Casper Van Dien Mindy Robinson Blake Freeman Comedy
brain on fire,Drama,Chloë Grace Moretz,Thomas Mann,Richard Armitage,Gerard Barrett,Chloë Grace Moretz Thomas Mann Richard Armitage Gerard Barrett Drama
drone,Thriller,Sean Bean,Mary McCormack,Joel David Moore,Jason Bourque,Sean Bean Mary McCormack Joel David Moore Jason Bourque Thriller
dragonheart: battle for the heartfire,Adventure,Marte Germaine Christensen,Patrick Stewart,Tom Rhys Harries,Patrik Syversen,Marte Germaine Christensen Patrick Stewart Tom Rhys Harries Patrik Syversen Adventure
stasis,Adventure,Anna Harr,Mark Grossman,Phyllis Spielman,Nicole Jones-Dion,Anna Harr Mark Grossman Phyllis Spielman Nicole Jones-Dion Adventure
growing up smith,Comedy,Roni Akurati,Brighton Sharbino,Jason Lee,Frank Lotito,Roni Akurati Brighton Sharbino Jason Lee Frank Lotito Comedy
awol,Drama,Lola Kirke,Breeda Wool,Dale Soules,Deb Shoval,Lola Kirke Breeda Wool Dale Soules Deb Shoval Drama
shimmer lake,Thriller,Rainn Wilson,Benjamin Walker,John Michael Higgins,Oren Uziel,Rainn Wilson Benjamin Walker John Michael Higgins Oren Uziel Thriller
what happened to monday,Sci-Fi,Noomi Rapace,Marwan Kenzari,Christian Rubeck,Tommy Wirkola,Noomi Rapace Marwan Kenzari Christian Rubeck Tommy Wirkola Sci-Fi
the son of bigfoot,Animation,Tom Beck,Cinda Adams,Bob Barlen,Ben Stassen Jérémie Degruson,Tom Beck Cinda Adams Bob Barlen Ben Stassen Jérémie Degruson Animation
atomic blonde,Action,Charlize Theron,James McAvoy,Sofia Boutella,David Leitch,Charlize Theron James McAvoy Sofia Boutella David Leitch Action
aaron's blood,Drama,James Martinez,Trevor Sterling Stovall,Michael Chieffo,Tommy Stovall,James Martinez Trevor Sterling Stovall Michael Chieffo Tommy Stovall Drama
saving banksy,Documentary,,,,Colin Day,   Colin Day Documentary
the exception,Drama,Lily James,Jai Courtney,Eddie Marsan,David Leveaux,Lily James Jai Courtney Eddie Marsan David Leveaux Drama
goon: last of the enforcers,Comedy,Seann William Scott,Alison Pill,Marc-André Grondin,Jay Baruchel,Seann William Scott Alison Pill Marc-André Grondin Jay Baruchel Comedy
the keepers,Crime,,,,Ryan White,   Ryan White Crime
the summoning,Thriller,Eric Roberts,Leila Almas,Jaime Zevallos,Alberto G. Rodriguez,Eric Roberts Leila Almas Jaime Zevallos Alberto G. Rodriguez Thriller
once upon a time in venice,Action,Bruce Willis,Jason Momoa,John Goodman,Mark Cullen,Bruce Willis Jason Momoa John Goodman Mark Cullen Action
resurrecting hassan,Documentary,Denis Harting,Peggy Roux,Lauviah Harting,Carlo Guillermo Proto,Denis Harting Peggy Roux Lauviah Harting Carlo Guillermo Proto Documentary
the putin interviews,Documentary,,,,Oliver Stone,   Oliver Stone Documentary
an inconvenient sequel: truth to power,Documentary,Al Gore,Barack Obama,Donald Trump,Bonni Cohen Jon Shenk,Al Gore Barack Obama Donald Trump Bonni Cohen Jon Shenk Documentary
rakka,Action,Sigourney Weaver,Eugene Khumbanyiwa,Robert Hobbs,Neill Blomkamp,Sigourney Weaver Eugene Khumbanyiwa Robert Hobbs Neill Blomkamp Action
jawbone,Action,Johnny Harris,Ian McShane,Ray Winstone,Thomas Q. Napper,Johnny Harris Ian McShane Ray Winstone Thomas Q. Napper Action
a gray state,Documentary,,,,Erik Nelson,   Erik Nelson Documentary
altitude,Action,Dolph Lundgren,Denise Richards,Greer Grammer,Alex Merkin,Dolph Lundgren Denise Richards Greer Grammer Alex Merkin Action
strong island,Documentary,,,,Yance Ford,   Yance Ford Documentary
cream,Animation,David Firth,Carla Simpson,Christian Webb,David Firth,David Firth Carla Simpson Christian Webb David Firth Animation
chasing trane,Documentary,Denzel Washington,Common,Bill Clinton,John Scheinfeld,Denzel Washington Common Bill Clinton John Scheinfeld Documentary
abacus: small enough to jail,Documentary,Neil Barofsky,Ti-Hua Chang,Jiayang Fan,Steve James,Neil Barofsky Ti-Hua Chang Jiayang Fan Steve James Documentary
transformers: the last knight,Action,Mark Wahlberg,Josh Duhamel,Laura Haddock,Michael Bay,Mark Wahlberg Josh Duhamel Laura Haddock Michael Bay Action
churchill,Drama,Brian Cox,Miranda Richardson,John Slattery,Jonathan Teplitzky,Brian Cox Miranda Richardson John Slattery Jonathan Teplitzky Drama
dina,Documentary,,,,Dan Sickles Antonio Santini,   Dan Sickles Antonio Santini Documentary
the hatton garden job,Crime,Matthew Goode,Joely Richardson,Larry Lamb,Ronnie Thompson,Matthew Goode Joely Richardson Larry Lamb Ronnie Thompson Crime
hampstead,Romance,Diane Keaton,Brendan Gleeson,James Norton,Joel Hopkins,Diane Keaton Brendan Gleeson James Norton Joel Hopkins Romance
1 night,Drama,Kyle Allen,Isabelle Fuhrman,Justin Chatwin,Minhal Baig,Kyle Allen Isabelle Fuhrman Justin Chatwin Minhal Baig Drama
"oh, hello: on broadway",Comedy,Nick Kroll,John Mulaney,Steve Martin,Michael John Warren Alex Timbers,Nick Kroll John Mulaney Steve Martin Michael John Warren Alex Timbers Comedy
site unseen: an emma fielding mystery,Mystery,Courtney Thorne-Smith,James Tupper,Adam DiMarco,Douglas Barr,Courtney Thorne-Smith James Tupper Adam DiMarco Douglas Barr Mystery
savageland,Horror,Monica Davis,Edward L. Green,Patrick Pedraza,Phil Guidry Simon Herbert David Whelan,Monica Davis Edward L. Green Patrick Pedraza Phil Guidry Simon Herbert David Whelan Horror
you get me,Thriller,Bella Thorne,Halston Sage,Taylor John Smith,Brent Bonacorso,Bella Thorne Halston Sage Taylor John Smith Brent Bonacorso Thriller
grey lady,Thriller,Eric Dane,Natalie Zea,Amy Madigan,John Shea,Eric Dane Natalie Zea Amy Madigan John Shea Thriller
good time,Drama,Robert Pattinson,Jennifer Jason Leigh,Ben Safdie,Joshua Safdie Ben Safdie,Robert Pattinson Jennifer Jason Leigh Ben Safdie Joshua Safdie Ben Safdie Drama
eat local,Action,Charlie Cox,Tony Curran,Mackenzie Crook,Jason Flemyng,Charlie Cox Tony Curran Mackenzie Crook Jason Flemyng Action
hell on earth: the fall of syria and the rise of isis,Documentary,,,,Sebastian Junger Nick Quested,   Sebastian Junger Nick Quested Documentary
the house,Comedy,Amy Poehler,Will Ferrell,Allison Tolman,Andrew J. Cohen,Amy Poehler Will Ferrell Allison Tolman Andrew J. Cohen Comedy
five came back,War,Guillermo del Toro,Steven Spielberg,Paul Greengrass,Laurent Bouzereau,Guillermo del Toro Steven Spielberg Paul Greengrass Laurent Bouzereau War
the babymoon,Romance,Julie McNiven,Shaun Sipos,Jessica Camacho,Bailey Kobe,Julie McNiven Shaun Sipos Jessica Camacho Bailey Kobe Romance
legion of brothers,Documentary,Jason Amerine,George W. Bush,Mark Nutsch,Greg Barker,Jason Amerine George W. Bush Mark Nutsch Greg Barker Documentary
chuck,Drama,Liev Schreiber,Naomi Watts,Elisabeth Moss,Philippe Falardeau,Liev Schreiber Naomi Watts Elisabeth Moss Philippe Falardeau Drama
02:22,Drama,Michiel Huisman,Teresa Palmer,Sam Reid,Paul Currie,Michiel Huisman Teresa Palmer Sam Reid Paul Currie Drama
addicted to porn: chasing the cardboard butterfly,Documentary,,,,Justin Hunt,   Justin Hunt Documentary
ripped,Comedy,Alex Meneses,Faizon Love,Russell Peters,Brad Epstein,Alex Meneses Faizon Love Russell Peters Brad Epstein Comedy
firebase,Action,Steve Boyle,Nic Rhind,Robert Hobbs,Neill Blomkamp,Steve Boyle Nic Rhind Robert Hobbs Neill Blomkamp Action
edith walks,Documentary,,,,Andrew Kötting,   Andrew Kötting Documentary
city of ghosts,Documentary,,,,Matthew Heineman,   Matthew Heineman Documentary
chasing coral,Documentary,Andrew Ackerman,Pim Bongaerts,Neal Cantin,Jeff Orlowski,Andrew Ackerman Pim Bongaerts Neal Cantin Jeff Orlowski Documentary
this is everything: gigi gorgeous,Documentary,,,,Barbara Kopple,   Barbara Kopple Documentary
78/52,Documentary,Guillermo del Toro,Peter Bogdanovich,Karyn Kusama,Alexandre O. Philippe,Guillermo del Toro Peter Bogdanovich Karyn Kusama Alexandre O. Philippe Documentary
water & power: a california heist,Documentary,,,,Marina Zenovich,   Marina Zenovich Documentary
what the health,Documentary,Kip Andersen,Larry Baldwin,Neal Barnard,Kip Andersen Keegan Kuhn,Kip Andersen Larry Baldwin Neal Barnard Kip Andersen Keegan Kuhn Documentary
joshua: teenager vs. superpower,Documentary,,,,Joe Piscatella,   Joe Piscatella Documentary
revolt,Sci-Fi,Lee Pace,Bérénice Marlohe,Jason Flemyng,Joe Miale,Lee Pace Bérénice Marlohe Jason Flemyng Joe Miale Sci-Fi
hickok,Western,Luke Hemsworth,Trace Adkins,Bruce Dern,Timothy Woodward Jr.,Luke Hemsworth Trace Adkins Bruce Dern Timothy Woodward Jr. Western
do you take this man,Drama,Anthony Rapp,Alona Tal,Alyson Hannigan,Joshua Tunick,Anthony Rapp Alona Tal Alyson Hannigan Joshua Tunick Drama
inconceivable,Thriller,Nicolas Cage,Gina Gershon,Nicky Whelan,Jonathan Baker,Nicolas Cage Gina Gershon Nicky Whelan Jonathan Baker Thriller
security,Action,Antonio Banderas,Ben Kingsley,Liam McIntyre,Alain Desrochers,Antonio Banderas Ben Kingsley Liam McIntyre Alain Desrochers Action
overdrive,Thriller,Scott Eastwood,Freddie Thorp,Ana de Armas,Antonio Negret,Scott Eastwood Freddie Thorp Ana de Armas Antonio Negret Thriller
speech & debate,Comedy,Liam James,Sarah Steele,Austin P. McKenzie,Dan Harris,Liam James Sarah Steele Austin P. McKenzie Dan Harris Comedy
tour de pharmacy,Comedy,Orlando Bloom,Andy Samberg,John Cena,Jake Szymanski,Orlando Bloom Andy Samberg John Cena Jake Szymanski Comedy
dirty dancing,Music,Abigail Breslin,Colt Prattes,Sarah Hyland,Wayne Blair,Abigail Breslin Colt Prattes Sarah Hyland Wayne Blair Music
devil's gate,Sci-Fi,Milo Ventimiglia,Bridget Regan,Amanda Schull,Clay Staub,Milo Ventimiglia Bridget Regan Amanda Schull Clay Staub Sci-Fi
abduction,Fantasy,Karolina Antosik,Amelie Leroy,Tessa McGinn,Molly Smith Maurice Smith,Karolina Antosik Amelie Leroy Tessa McGinn Molly Smith Maurice Smith Fantasy
obit,Documentary,William McDonald,Bruce Weber,Margalit Fox,Vanessa Gould,William McDonald Bruce Weber Margalit Fox Vanessa Gould Documentary
the truth is in the stars,Documentary,William Shatner,Neil deGrasse Tyson,Chris Hadfield,Craig Thompson,William Shatner Neil deGrasse Tyson Chris Hadfield Craig Thompson Documentary
the emoji movie,Comedy,T.J. Miller,James Corden,Anna Faris,Anthony Leondis,T.J. Miller James Corden Anna Faris Anthony Leondis Comedy
bedeviled,Horror,Saxon Sharbino,Bonnie Morgan,Brandon Soo Hoo,Abel Vang Burlee Vang,Saxon Sharbino Bonnie Morgan Brandon Soo Hoo Abel Vang Burlee Vang Horror
the saint,Action,Adam Rayner,Eliza Dushku,Ian Ogilvy,Ernie Barbarash,Adam Rayner Eliza Dushku Ian Ogilvy Ernie Barbarash Action
the hippopotamus,Comedy,Roger Allam,Matthew Modine,Tim McInnerny,John Jencks,Roger Allam Matthew Modine Tim McInnerny John Jencks Comedy
wind river,Action,Jeremy Renner,Elizabeth Olsen,Gil Birmingham,Taylor Sheridan,Jeremy Renner Elizabeth Olsen Gil Birmingham Taylor Sheridan Action
rory scovel tries stand-up for the first time,Comedy,,,,Scott Moran,   Scott Moran Comedy
shot caller,Drama,Nikolaj Coster-Waldau,Jon Bernthal,Lake Bell,Ric Roman Waugh,Nikolaj Coster-Waldau Jon Bernthal Lake Bell Ric Roman Waugh Drama
mike birbiglia: thank god for jokes,Comedy,,,,Mike Birbiglia Seth Barrish,   Mike Birbiglia Seth Barrish Comedy
chris d'elia: man on fire,Comedy,,,,Bill D'Elia,   Bill D'Elia Comedy
s.w.a.t.: under siege,Action,Adrianne Palicki,Michael Jai White,Ty Olsson,Tony Giglio,Adrianne Palicki Michael Jai White Ty Olsson Tony Giglio Action
first round down,Action,,,,Brett M. Butler Jason G. Butler,   Brett M. Butler Jason G. Butler Action
zygote,Horror,,,,Neill Blomkamp,   Neill Blomkamp Horror
wish upon,Fantasy,Joey King,Ryan Phillippe,Sherilyn Fenn,John R. Leonetti,Joey King Ryan Phillippe Sherilyn Fenn John R. Leonetti Fantasy
girls trip,Comedy,Regina Hall,Queen Latifah,Jada Pinkett Smith,Malcolm D. Lee,Regina Hall Queen Latifah Jada Pinkett Smith Malcolm D. Lee Comedy
landline,Comedy,Jenny Slate,Edie Falco,Abby Quinn,Gillian Robespierre,Jenny Slate Edie Falco Abby Quinn Gillian Robespierre Comedy
detroit,Thriller,John Boyega,Will Poulter,Algee Smith,Kathryn Bigelow,John Boyega Will Poulter Algee Smith Kathryn Bigelow Thriller
columbus,Drama,John Cho,Haley Lu Richardson,Parker Posey,Kogonada,John Cho Haley Lu Richardson Parker Posey Kogonada Drama
fittest on earth: a decade of fitness,Documentary,Matt Fraser,Ben Smith,Sara Sigmundsdottir,Heber Cannon Marston Sawyers Ian Wittenber Mariah Moore,Matt Fraser Ben Smith Sara Sigmundsdottir Heber Cannon Marston Sawyers Ian Wittenber Mariah Moore Documentary
zero 3,Thriller,Inga Jankauskaitė,Mindaugas Papinigis,Ramūnas Rudokas,Emilis Velyvis,Inga Jankauskaitė Mindaugas Papinigis Ramūnas Rudokas Emilis Velyvis Thriller
feed,Drama,Troian Bellisario,Tom Felton,Ben Winchell,Tommy Bertelsen,Troian Bellisario Tom Felton Ben Winchell Tommy Bertelsen Drama
the girl from the song,Drama,Lewis Rainer,Joséphine Berry,Charlotte Atkinson,Ibai Abad,Lewis Rainer Joséphine Berry Charlotte Atkinson Ibai Abad Drama
selbstkritik eines bürgerlichen hundes,Comedy,Julian Radlmaier,Deragh Campbell,Beniamin Forthi,Julian Radlmaier,Julian Radlmaier Deragh Campbell Beniamin Forthi Julian Radlmaier Comedy
first kill,Action,Bruce Willis,Hayden Christensen,Gethin Anthony,Steven C. Miller,Bruce Willis Hayden Christensen Gethin Anthony Steven C. Miller Action
la 92,Documentary,Rodney King,Tom Brokaw,George H. W. Bush,T.J. Martin Daniel Lindsay,Rodney King Tom Brokaw George H. W. Bush T.J. Martin Daniel Lindsay Documentary
descendants 2,TV Movie,Dove Cameron,Sofia Carson,Cameron Boyce,Kenny Ortega,Dove Cameron Sofia Carson Cameron Boyce Kenny Ortega TV Movie
ivanka trump- america's real first lady?,Documentary,,,,,    Documentary
chris gethard: career suicide,Comedy,,,,Kimberly Senior,   Kimberly Senior Comedy
lou,Animation,,,,Dave Mullins,   Dave Mullins Animation
american violence,Crime,Kaiwi Lyman,Bruce Dern,Denise Richards,Timothy Woodward Jr.,Kaiwi Lyman Bruce Dern Denise Richards Timothy Woodward Jr. Crime
lego dc super hero girls: brain drain,Animation,Grey Griffin,Tara Strong,Anais Fairweather,Todd Grimes,Grey Griffin Tara Strong Anais Fairweather Todd Grimes Animation
take me,Comedy,Taylor Schilling,Pat Healy,Alycia Delmore,Pat Healy,Taylor Schilling Pat Healy Alycia Delmore Pat Healy Comedy
the incredible jessica james,Romance,Jessica Williams,Chris O'Dowd,Keith Stanfield,Jim Strouse,Jessica Williams Chris O'Dowd Keith Stanfield Jim Strouse Romance
can't buy my love,Romance,Adelaide Kane,Benjamin Hollingsworth,Jean Louisa Kelly,Farhad Mann,Adelaide Kane Benjamin Hollingsworth Jean Louisa Kelly Farhad Mann Romance
cop and a half: new recruit,Crime,Lou Diamond Phillips,Wallace Shawn,Gina Holden,Jonathan A. Rosenbaum,Lou Diamond Phillips Wallace Shawn Gina Holden Jonathan A. Rosenbaum Crime
in a heartbeat,Family,,,,Beth David Esteban Bravo,   Beth David Esteban Bravo Family
